{
	"ulid": "01HFYEHVPZYC43GG78NNVCN62R",
	"minTime": 1700755205.84,
	"maxTime": 1700757815.864,
	"stats": {
		"numSamples": 67588,
		"numSeries": 11,
		"numProfiles": 1875
	},
	"files": [
		{
			"relPath": "index.tsdb",
			"sizeBytes": 4744,
			"tsdb": {
				"numSeries": 11
			}
		},
		{
			"relPath": "profiles.parquet",
			"sizeBytes": 375901,
			"parquet": {
				"numRowGroups": 1,
				"numRows": 1875
			}
		},
		{
			"relPath": "symbols/functions.parquet",
			"sizeBytes": 125330,
			"parquet": {
				"numRowGroups": 2,
				"numRows": 3107
			}
		},
		{
			"relPath": "symbols/index.symdb",
			"sizeBytes": 180
		},
		{
			"relPath": "symbols/locations.parquet",
			"sizeBytes": 199764,
			"parquet": {
				"numRowGroups": 2,
				"numRows": 4626
			}
		},
		{
			"relPath": "symbols/mappings.parquet",
			"sizeBytes": 1831,
			"parquet": {
				"numRowGroups": 2,
				"numRows": 2
			}
		},
		{
			"relPath": "symbols/stacktraces.symdb",
			"sizeBytes": 39759
		},
		{
			"relPath": "symbols/strings.parquet",
			"sizeBytes": 185386,
			"parquet": {
				"numRowGroups": 2,
				"numRows": 3016
			}
		}
	],
	"compaction": {
		"level": 1,
		"sources": [
			"01HFYEHVPZYC43GG78NNVCN62R"
		]
	},
	"version": 3,
	"labels": {
		"__hostname__": "1732845195d1"
	},
	"source": "ingester",
	"downsample": {
		"resolution": 0
	}
}
