{
	"ulid": "01HEZ0KQW0X1C5TEHEM91FJBEW",
	"minTime": 1699700400,
	"maxTime": 1699703998.233,
	"stats": {
		"numSamples": 372701,
		"numSeries": 125,
		"numProfiles": 17783
	},
	"files": [
		{
			"relPath": "index.tsdb",
			"sizeBytes": 20101,
			"tsdb": {
				"numSeries": 125
			}
		},
		{
			"relPath": "profiles.parquet",
			"sizeBytes": 2638774,
			"parquet": {
				"numRowGroups": 1,
				"numRows": 17783
			}
		},
		{
			"relPath": "symbols/functions.parquet",
			"sizeBytes": 190750,
			"parquet": {
				"numRowGroups": 1,
				"numRows": 4742
			}
		},
		{
			"relPath": "symbols/index.symdb",
			"sizeBytes": 880
		},
		{
			"relPath": "symbols/locations.parquet",
			"sizeBytes": 270602,
			"parquet": {
				"numRowGroups": 1,
				"numRows": 6389
			}
		},
		{
			"relPath": "symbols/mappings.parquet",
			"sizeBytes": 2062,
			"parquet": {
				"numRowGroups": 1,
				"numRows": 6
			}
		},
		{
			"relPath": "symbols/stacktraces.symdb",
			"sizeBytes": 44420
		},
		{
			"relPath": "symbols/strings.parquet",
			"sizeBytes": 231069,
			"parquet": {
				"numRowGroups": 1,
				"numRows": 5044
			}
		}
	],
	"compaction": {
		"level": 2,
		"sources": [
			"01HEZ0KT0F9GPEHWFDAAWN2BCT",
			"01HEZ0KT0GG33MPQ0CR96GZZQ7",
			"01HEZ0KT0GGKMG794PH4CXWDPA"
		],
		"parents": [
			{
				"ulid": "01HEZ0KT0GGKMG794PH4CXWDPA",
				"minTime": 1699700400,
				"maxTime": 1699703998.233
			},
			{
				"ulid": "01HEZ0KT0GG33MPQ0CR96GZZQ7",
				"minTime": 1699700400,
				"maxTime": 1699703998.233
			},
			{
				"ulid": "01HEZ0KT0F9GPEHWFDAAWN2BCT",
				"minTime": 1699700400,
				"maxTime": 1699703998.233
			}
		]
	},
	"version": 3,
	"labels": {
		"__hostname__": "pyroscope-compactor-2"
	},
	"source": "compactor",
	"downsample": {
		"resolution": 0
	}
}
