{
	"ulid": "01HFYCKA0445Z87Q2Y9GC57TPE",
	"minTime": 1700753141.045,
	"maxTime": 1700753156.115,
	"stats": {
		"numSamples": 923,
		"numSeries": 11,
		"numProfiles": 11
	},
	"files": [
		{
			"relPath": "index.tsdb",
			"sizeBytes": 4740,
			"tsdb": {
				"numSeries": 11
			}
		},
		{
			"relPath": "profiles.parquet",
			"sizeBytes": 8394,
			"parquet": {
				"numRowGroups": 1,
				"numRows": 11
			}
		},
		{
			"relPath": "symbols/functions.parquet",
			"sizeBytes": 44969,
			"parquet": {
				"numRowGroups": 2,
				"numRows": 1098
			}
		},
		{
			"relPath": "symbols/index.symdb",
			"sizeBytes": 180
		},
		{
			"relPath": "symbols/locations.parquet",
			"sizeBytes": 55793,
			"parquet": {
				"numRowGroups": 2,
				"numRows": 1312
			}
		},
		{
			"relPath": "symbols/mappings.parquet",
			"sizeBytes": 1831,
			"parquet": {
				"numRowGroups": 2,
				"numRows": 2
			}
		},
		{
			"relPath": "symbols/stacktraces.symdb",
			"sizeBytes": 10329
		},
		{
			"relPath": "symbols/strings.parquet",
			"sizeBytes": 83957,
			"parquet": {
				"numRowGroups": 2,
				"numRows": 1293
			}
		}
	],
	"compaction": {
		"level": 1,
		"sources": [
			"01HFYCKA0445Z87Q2Y9GC57TPE"
		]
	},
	"version": 3,
	"labels": {
		"__hostname__": "ed8c3c9e3a39"
	},
	"source": "ingester",
	"downsample": {
		"resolution": 0
	}
}
