{
  "ulid": "01HFXZ2Q4DAM9B6RDBEJ9KG2XT",
  "minTime": 1700738965.974,
  "maxTime": 1700739026.005,
  "stats": {
    "numSamples": 2288,
    "numSeries": 11,
    "numProfiles": 44
  },
  "files": [
    {
      "relPath": "index.tsdb",
      "sizeBytes": 4744,
      "tsdb": {
        "numSeries": 11
      }
    },
    {
      "relPath": "profiles.parquet",
      "sizeBytes": 16315,
      "parquet": {
        "numRowGroups": 1,
        "numRows": 44
      }
    },
    {
      "relPath": "symbols/functions.parquet",
      "sizeBytes": 56011,
      "parquet": {
        "numRowGroups": 2,
        "numRows": 1374
      }
    },
    {
      "relPath": "symbols/index.symdb",
      "sizeBytes": 180
    },
    {
      "relPath": "symbols/locations.parquet",
      "sizeBytes": 72831,
      "parquet": {
        "numRowGroups": 2,
        "numRows": 1708
      }
    },
    {
      "relPath": "symbols/mappings.parquet",
      "sizeBytes": 1831,
      "parquet": {
        "numRowGroups": 2,
        "numRows": 2
      }
    },
    {
      "relPath": "symbols/stacktraces.symdb",
      "sizeBytes": 14391
    },
    {
      "relPath": "symbols/strings.parquet",
      "sizeBytes": 95830,
      "parquet": {
        "numRowGroups": 2,
        "numRows": 1502
      }
    }
  ],
  "compaction": {
    "level": 1,
    "sources": ["01HFXZ2Q4DAM9B6RDBEJ9KG2XT"]
  },
  "version": 3,
  "labels": {
    "__hostname__": "57d048d934ba"
  },
  "source": "ingester",
  "downsample": {
    "resolution": 0
  }
}
