{
	"ulid": "01HFYCRYXX5654R7FPK5A5JN3S",
	"minTime": 1700753326.333,
	"maxTime": 1700753341.373,
	"stats": {
		"numSamples": 770,
		"numSeries": 11,
		"numProfiles": 11
	},
	"files": [
		{
			"relPath": "index.tsdb",
			"sizeBytes": 4740,
			"tsdb": {
				"numSeries": 11
			}
		},
		{
			"relPath": "profiles.parquet",
			"sizeBytes": 7787,
			"parquet": {
				"numRowGroups": 1,
				"numRows": 11
			}
		},
		{
			"relPath": "symbols/functions.parquet",
			"sizeBytes": 41184,
			"parquet": {
				"numRowGroups": 2,
				"numRows": 1004
			}
		},
		{
			"relPath": "symbols/index.symdb",
			"sizeBytes": 180
		},
		{
			"relPath": "symbols/locations.parquet",
			"sizeBytes": 51478,
			"parquet": {
				"numRowGroups": 2,
				"numRows": 1208
			}
		},
		{
			"relPath": "symbols/mappings.parquet",
			"sizeBytes": 1831,
			"parquet": {
				"numRowGroups": 2,
				"numRows": 2
			}
		},
		{
			"relPath": "symbols/stacktraces.symdb",
			"sizeBytes": 8817
		},
		{
			"relPath": "symbols/strings.parquet",
			"sizeBytes": 73407,
			"parquet": {
				"numRowGroups": 2,
				"numRows": 1171
			}
		}
	],
	"compaction": {
		"level": 1,
		"sources": [
			"01HFYCRYXX5654R7FPK5A5JN3S"
		]
	},
	"version": 3,
	"labels": {
		"__hostname__": "7019dd9156eb"
	},
	"source": "ingester",
	"downsample": {
		"resolution": 0
	}
}
