{
  "ulid": "01HFXZ5ZSJ47F1JWBXGQCDVYZX",
  "minTime": 1700739073.045,
  "maxTime": 1700739118.077,
  "stats": {
    "numSamples": 1309,
    "numSeries": 11,
    "numProfiles": 31
  },
  "files": [
    {
      "relPath": "index.tsdb",
      "sizeBytes": 4744,
      "tsdb": {
        "numSeries": 11
      }
    },
    {
      "relPath": "profiles.parquet",
      "sizeBytes": 11074,
      "parquet": {
        "numRowGroups": 1,
        "numRows": 31
      }
    },
    {
      "relPath": "symbols/functions.parquet",
      "sizeBytes": 41961,
      "parquet": {
        "numRowGroups": 2,
        "numRows": 1023
      }
    },
    {
      "relPath": "symbols/index.symdb",
      "sizeBytes": 180
    },
    {
      "relPath": "symbols/locations.parquet",
      "sizeBytes": 53551,
      "parquet": {
        "numRowGroups": 2,
        "numRows": 1258
      }
    },
    {
      "relPath": "symbols/mappings.parquet",
      "sizeBytes": 1830,
      "parquet": {
        "numRowGroups": 2,
        "numRows": 2
      }
    },
    {
      "relPath": "symbols/stacktraces.symdb",
      "sizeBytes": 9298
    },
    {
      "relPath": "symbols/strings.parquet",
      "sizeBytes": 72006,
      "parquet": {
        "numRowGroups": 2,
        "numRows": 1176
      }
    }
  ],
  "compaction": {
    "level": 1,
    "sources": ["01HFXZ5ZSJ47F1JWBXGQCDVYZX"]
  },
  "version": 3,
  "labels": {
    "__hostname__": "747a36687c37"
  },
  "source": "ingester",
  "downsample": {
    "resolution": 0
  }
}
