{
	"ulid": "01HFYCN17HDVBEP8J8XBYW6TF4",
	"minTime": 1700753197.484,
	"maxTime": 1700753257.664,
	"stats": {
		"numSamples": 1959,
		"numSeries": 11,
		"numProfiles": 44
	},
	"files": [
		{
			"relPath": "index.tsdb",
			"sizeBytes": 4744,
			"tsdb": {
				"numSeries": 11
			}
		},
		{
			"relPath": "profiles.parquet",
			"sizeBytes": 14643,
			"parquet": {
				"numRowGroups": 1,
				"numRows": 44
			}
		},
		{
			"relPath": "symbols/functions.parquet",
			"sizeBytes": 54291,
			"parquet": {
				"numRowGroups": 2,
				"numRows": 1331
			}
		},
		{
			"relPath": "symbols/index.symdb",
			"sizeBytes": 180
		},
		{
			"relPath": "symbols/locations.parquet",
			"sizeBytes": 69444,
			"parquet": {
				"numRowGroups": 2,
				"numRows": 1638
			}
		},
		{
			"relPath": "symbols/mappings.parquet",
			"sizeBytes": 1831,
			"parquet": {
				"numRowGroups": 2,
				"numRows": 2
			}
		},
		{
			"relPath": "symbols/stacktraces.symdb",
			"sizeBytes": 13041
		},
		{
			"relPath": "symbols/strings.parquet",
			"sizeBytes": 98957,
			"parquet": {
				"numRowGroups": 2,
				"numRows": 1507
			}
		}
	],
	"compaction": {
		"level": 1,
		"sources": [
			"01HFYCN17HDVBEP8J8XBYW6TF4"
		]
	},
	"version": 3,
	"labels": {
		"__hostname__": "88a5941bb60c"
	},
	"source": "ingester",
	"downsample": {
		"resolution": 0
	}
}
