{
	"ulid": "01HEYPA5004A1MKVAED58HED7T",
	"minTime": 1699689600,
	"maxTime": 1699693198.35,
	"stats": {
		"numSamples": 381385,
		"numSeries": 129,
		"numProfiles": 17702
	},
	"files": [
		{
			"relPath": "index.tsdb",
			"sizeBytes": 20585,
			"tsdb": {
				"numSeries": 129
			}
		},
		{
			"relPath": "profiles.parquet",
			"sizeBytes": 2681711,
			"parquet": {
				"numRowGroups": 1,
				"numRows": 17702
			}
		},
		{
			"relPath": "symbols/functions.parquet",
			"sizeBytes": 186110,
			"parquet": {
				"numRowGroups": 1,
				"numRows": 4626
			}
		},
		{
			"relPath": "symbols/index.symdb",
			"sizeBytes": 880
		},
		{
			"relPath": "symbols/locations.parquet",
			"sizeBytes": 266658,
			"parquet": {
				"numRowGroups": 1,
				"numRows": 6303
			}
		},
		{
			"relPath": "symbols/mappings.parquet",
			"sizeBytes": 2062,
			"parquet": {
				"numRowGroups": 1,
				"numRows": 6
			}
		},
		{
			"relPath": "symbols/stacktraces.symdb",
			"sizeBytes": 43880
		},
		{
			"relPath": "symbols/strings.parquet",
			"sizeBytes": 225162,
			"parquet": {
				"numRowGroups": 1,
				"numRows": 4936
			}
		}
	],
	"compaction": {
		"level": 2,
		"sources": [
			"01HEYPA78TRS0XMVCKYAZHJ2VF",
			"01HEYPA78TW8HN567Q6DH95WF8",
			"01HEYPA78TYB7TX7MHWPP8A35Y"
		],
		"parents": [
			{
				"ulid": "01HEYPA78TW8HN567Q6DH95WF8",
				"minTime": 1699689600,
				"maxTime": 1699693198.35
			},
			{
				"ulid": "01HEYPA78TYB7TX7MHWPP8A35Y",
				"minTime": 1699689600,
				"maxTime": 1699693198.35
			},
			{
				"ulid": "01HEYPA78TRS0XMVCKYAZHJ2VF",
				"minTime": 1699689600,
				"maxTime": 1699693198.35
			}
		]
	},
	"version": 3,
	"labels": {
		"__hostname__": "pyroscope-compactor-1"
	},
	"source": "compactor",
	"downsample": {
		"resolution": 0
	}
}
