{
	"ulid": "01HEYSR0M0KWYVHDV7YS2F6SQA",
	"minTime": 1699693200,
	"maxTime": 1699696798.232,
	"stats": {
		"numSamples": 378145,
		"numSeries": 126,
		"numProfiles": 17498
	},
	"files": [
		{
			"relPath": "index.tsdb",
			"sizeBytes": 20467,
			"tsdb": {
				"numSeries": 126
			}
		},
		{
			"relPath": "profiles.parquet",
			"sizeBytes": 2692619,
			"parquet": {
				"numRowGroups": 1,
				"numRows": 17498
			}
		},
		{
			"relPath": "symbols/functions.parquet",
			"sizeBytes": 187469,
			"parquet": {
				"numRowGroups": 1,
				"numRows": 4660
			}
		},
		{
			"relPath": "symbols/index.symdb",
			"sizeBytes": 880
		},
		{
			"relPath": "symbols/locations.parquet",
			"sizeBytes": 267315,
			"parquet": {
				"numRowGroups": 1,
				"numRows": 6316
			}
		},
		{
			"relPath": "symbols/mappings.parquet",
			"sizeBytes": 2062,
			"parquet": {
				"numRowGroups": 1,
				"numRows": 6
			}
		},
		{
			"relPath": "symbols/stacktraces.symdb",
			"sizeBytes": 42727
		},
		{
			"relPath": "symbols/strings.parquet",
			"sizeBytes": 223544,
			"parquet": {
				"numRowGroups": 1,
				"numRows": 5001
			}
		}
	],
	"compaction": {
		"level": 2,
		"sources": [
			"01HEYSR2RMRXA4S7D3WJFZ7FX3",
			"01HEYSR2RN06JSR9WGAPKP9PGT",
			"01HEYSR2RNKRJHW23Z15KESYD8"
		],
		"parents": [
			{
				"ulid": "01HEYSR2RN06JSR9WGAPKP9PGT",
				"minTime": 1699693200,
				"maxTime": 1699696798.232
			},
			{
				"ulid": "01HEYSR2RNKRJHW23Z15KESYD8",
				"minTime": 1699693200,
				"maxTime": 1699696798.232
			},
			{
				"ulid": "01HEYSR2RMRXA4S7D3WJFZ7FX3",
				"minTime": 1699693200,
				"maxTime": 1699696798.232
			}
		]
	},
	"version": 3,
	"labels": {
		"__hostname__": "pyroscope-compactor-1"
	},
	"source": "compactor",
	"downsample": {
		"resolution": 0
	}
}
