{
  "ulid": "01HFXZ9XSXMD5YWK6J43E1NQ4F",
  "minTime": 1700739202.166,
  "maxTime": 1700739217.212,
  "stats": {
    "numSamples": 617,
    "numSeries": 11,
    "numProfiles": 11
  },
  "files": [
    {
      "relPath": "index.tsdb",
      "sizeBytes": 4740,
      "tsdb": {
        "numSeries": 11
      }
    },
    {
      "relPath": "profiles.parquet",
      "sizeBytes": 7427,
      "parquet": {
        "numRowGroups": 1,
        "numRows": 11
      }
    },
    {
      "relPath": "symbols/functions.parquet",
      "sizeBytes": 34343,
      "parquet": {
        "numRowGroups": 2,
        "numRows": 833
      }
    },
    {
      "relPath": "symbols/index.symdb",
      "sizeBytes": 180
    },
    {
      "relPath": "symbols/locations.parquet",
      "sizeBytes": 41578,
      "parquet": {
        "numRowGroups": 2,
        "numRows": 973
      }
    },
    {
      "relPath": "symbols/mappings.parquet",
      "sizeBytes": 1830,
      "parquet": {
        "numRowGroups": 2,
        "numRows": 2
      }
    },
    {
      "relPath": "symbols/stacktraces.symdb",
      "sizeBytes": 6410
    },
    {
      "relPath": "symbols/strings.parquet",
      "sizeBytes": 61118,
      "parquet": {
        "numRowGroups": 2,
        "numRows": 1003
      }
    }
  ],
  "compaction": {
    "level": 1,
    "sources": ["01HFXZ9XSXMD5YWK6J43E1NQ4F"]
  },
  "version": 3,
  "labels": {
    "__hostname__": "ce55510239b9"
  },
  "source": "ingester",
  "downsample": {
    "resolution": 0
  }
}
