{
	"ulid": "01HFYE95CP35ZWCVZPQ0XGFMZC",
	"minTime": 1700754905.829,
	"maxTime": 1700755190.86,
	"stats": {
		"numSamples": 7258,
		"numSeries": 11,
		"numProfiles": 211
	},
	"files": [
		{
			"relPath": "index.tsdb",
			"sizeBytes": 4744,
			"tsdb": {
				"numSeries": 11
			}
		},
		{
			"relPath": "profiles.parquet",
			"sizeBytes": 44599,
			"parquet": {
				"numRowGroups": 1,
				"numRows": 211
			}
		},
		{
			"relPath": "symbols/functions.parquet",
			"sizeBytes": 68571,
			"parquet": {
				"numRowGroups": 2,
				"numRows": 1688
			}
		},
		{
			"relPath": "symbols/index.symdb",
			"sizeBytes": 180
		},
		{
			"relPath": "symbols/locations.parquet",
			"sizeBytes": 91564,
			"parquet": {
				"numRowGroups": 2,
				"numRows": 2149
			}
		},
		{
			"relPath": "symbols/mappings.parquet",
			"sizeBytes": 1831,
			"parquet": {
				"numRowGroups": 2,
				"numRows": 2
			}
		},
		{
			"relPath": "symbols/stacktraces.symdb",
			"sizeBytes": 16411
		},
		{
			"relPath": "symbols/strings.parquet",
			"sizeBytes": 106369,
			"parquet": {
				"numRowGroups": 2,
				"numRows": 1839
			}
		}
	],
	"compaction": {
		"level": 1,
		"sources": [
			"01HFYE95CP35ZWCVZPQ0XGFMZC"
		]
	},
	"version": 3,
	"labels": {
		"__hostname__": "1732845195d1"
	},
	"source": "ingester",
	"downsample": {
		"resolution": 0
	}
}
