{
  "ulid": "01HFXZ84FN43YW80ZP2STG84S4",
  "minTime": 1700739143.476,
  "maxTime": 1700739158.516,
  "stats": {
    "numSamples": 614,
    "numSeries": 11,
    "numProfiles": 11
  },
  "files": [
    {
      "relPath": "index.tsdb",
      "sizeBytes": 4740,
      "tsdb": {
        "numSeries": 11
      }
    },
    {
      "relPath": "profiles.parquet",
      "sizeBytes": 7435,
      "parquet": {
        "numRowGroups": 1,
        "numRows": 11
      }
    },
    {
      "relPath": "symbols/functions.parquet",
      "sizeBytes": 30783,
      "parquet": {
        "numRowGroups": 2,
        "numRows": 744
      }
    },
    {
      "relPath": "symbols/index.symdb",
      "sizeBytes": 180
    },
    {
      "relPath": "symbols/locations.parquet",
      "sizeBytes": 38507,
      "parquet": {
        "numRowGroups": 2,
        "numRows": 902
      }
    },
    {
      "relPath": "symbols/mappings.parquet",
      "sizeBytes": 1831,
      "parquet": {
        "numRowGroups": 2,
        "numRows": 2
      }
    },
    {
      "relPath": "symbols/stacktraces.symdb",
      "sizeBytes": 6331
    },
    {
      "relPath": "symbols/strings.parquet",
      "sizeBytes": 55712,
      "parquet": {
        "numRowGroups": 2,
        "numRows": 901
      }
    }
  ],
  "compaction": {
    "level": 1,
    "sources": ["01HFXZ84FN43YW80ZP2STG84S4"]
  },
  "version": 3,
  "labels": {
    "__hostname__": "9cb6e9bdeaa6"
  },
  "source": "ingester",
  "downsample": {
    "resolution": 0
  }
}
