{
	"ulid": "01HFWEYSV9W6Q6837DPR2F03YD",
	"minTime": 1700688506.021,
	"maxTime": 1700688521.068,
	"stats": {
		"numSamples": 787,
		"numSeries": 11,
		"numProfiles": 11
	},
	"files": [
		{
			"relPath": "index.tsdb",
			"sizeBytes": 4740,
			"tsdb": {
				"numSeries": 11
			}
		},
		{
			"relPath": "profiles.parquet",
			"sizeBytes": 7783,
			"parquet": {
				"numRowGroups": 1,
				"numRows": 11
			}
		},
		{
			"relPath": "symbols/functions.parquet",
			"sizeBytes": 43851,
			"parquet": {
				"numRowGroups": 2,
				"numRows": 1070
			}
		},
		{
			"relPath": "symbols/index.symdb",
			"sizeBytes": 180
		},
		{
			"relPath": "symbols/locations.parquet",
			"sizeBytes": 54245,
			"parquet": {
				"numRowGroups": 2,
				"numRows": 1271
			}
		},
		{
			"relPath": "symbols/mappings.parquet",
			"sizeBytes": 1831,
			"parquet": {
				"numRowGroups": 2,
				"numRows": 2
			}
		},
		{
			"relPath": "symbols/stacktraces.symdb",
			"sizeBytes": 9254
		},
		{
			"relPath": "symbols/strings.parquet",
			"sizeBytes": 79467,
			"parquet": {
				"numRowGroups": 2,
				"numRows": 1251
			}
		}
	],
	"compaction": {
		"level": 1,
		"sources": [
			"01HFWEYSV9W6Q6837DPR2F03YD"
		]
	},
	"version": 3,
	"labels": {
		"__hostname__": "14070eb72f20"
	},
	"source": "ingester",
	"downsample": {
		"resolution": 0
	}
}
