{
	"ulid": "01HFWEX8ENXM74YXPA5AENTMP9",
	"minTime": 1700688455.451,
	"maxTime": 1700688470.517,
	"stats": {
		"numSamples": 915,
		"numSeries": 11,
		"numProfiles": 11
	},
	"files": [
		{
			"relPath": "index.tsdb",
			"sizeBytes": 4740,
			"tsdb": {
				"numSeries": 11
			}
		},
		{
			"relPath": "profiles.parquet",
			"sizeBytes": 8364,
			"parquet": {
				"numRowGroups": 1,
				"numRows": 11
			}
		},
		{
			"relPath": "symbols/functions.parquet",
			"sizeBytes": 42168,
			"parquet": {
				"numRowGroups": 2,
				"numRows": 1028
			}
		},
		{
			"relPath": "symbols/index.symdb",
			"sizeBytes": 180
		},
		{
			"relPath": "symbols/locations.parquet",
			"sizeBytes": 52778,
			"parquet": {
				"numRowGroups": 2,
				"numRows": 1238
			}
		},
		{
			"relPath": "symbols/mappings.parquet",
			"sizeBytes": 1831,
			"parquet": {
				"numRowGroups": 2,
				"numRows": 2
			}
		},
		{
			"relPath": "symbols/stacktraces.symdb",
			"sizeBytes": 10613
		},
		{
			"relPath": "symbols/strings.parquet",
			"sizeBytes": 77342,
			"parquet": {
				"numRowGroups": 2,
				"numRows": 1196
			}
		}
	],
	"compaction": {
		"level": 1,
		"sources": [
			"01HFWEX8ENXM74YXPA5AENTMP9"
		]
	},
	"version": 3,
	"labels": {
		"__hostname__": "c245d764c6f5"
	},
	"source": "ingester",
	"downsample": {
		"resolution": 0
	}
}
