{
	"ulid": "01HEYX5W8010J2CH5NH22KWMWG",
	"minTime": 1699696800,
	"maxTime": 1699700398.23,
	"stats": {
		"numSamples": 380012,
		"numSeries": 126,
		"numProfiles": 17726
	},
	"files": [
		{
			"relPath": "index.tsdb",
			"sizeBytes": 20059,
			"tsdb": {
				"numSeries": 126
			}
		},
		{
			"relPath": "profiles.parquet",
			"sizeBytes": 2685388,
			"parquet": {
				"numRowGroups": 1,
				"numRows": 17726
			}
		},
		{
			"relPath": "symbols/functions.parquet",
			"sizeBytes": 191270,
			"parquet": {
				"numRowGroups": 1,
				"numRows": 4755
			}
		},
		{
			"relPath": "symbols/index.symdb",
			"sizeBytes": 880
		},
		{
			"relPath": "symbols/locations.parquet",
			"sizeBytes": 272985,
			"parquet": {
				"numRowGroups": 1,
				"numRows": 6433
			}
		},
		{
			"relPath": "symbols/mappings.parquet",
			"sizeBytes": 2062,
			"parquet": {
				"numRowGroups": 1,
				"numRows": 6
			}
		},
		{
			"relPath": "symbols/stacktraces.symdb",
			"sizeBytes": 45641
		},
		{
			"relPath": "symbols/strings.parquet",
			"sizeBytes": 230980,
			"parquet": {
				"numRowGroups": 1,
				"numRows": 5073
			}
		}
	],
	"compaction": {
		"level": 2,
		"sources": [
			"01HEYX5YCK8MN3W7SJK3KZMNY4",
			"01HEYX5YCMBME10CWWGEFZNGMK",
			"01HEYX5YCMBRV5RYD0TK5AP71S"
		],
		"parents": [
			{
				"ulid": "01HEYX5YCMBME10CWWGEFZNGMK",
				"minTime": 1699696800,
				"maxTime": 1699700398.23
			},
			{
				"ulid": "01HEYX5YCMBRV5RYD0TK5AP71S",
				"minTime": 1699696800,
				"maxTime": 1699700398.23
			},
			{
				"ulid": "01HEYX5YCK8MN3W7SJK3KZMNY4",
				"minTime": 1699696800,
				"maxTime": 1699700398.23
			}
		]
	},
	"version": 3,
	"labels": {
		"__hostname__": "pyroscope-compactor-0"
	},
	"source": "compactor",
	"downsample": {
		"resolution": 0
	}
}
